﻿{"cameraMode":{"drawMode":0,"name":"Shaded","section":"Shading Mode"},"sceneLighting":true,"audioPlay":false,"sceneViewState":{"showFog":true,"showMaterialUpdate":false,"showSkybox":true,"showFlares":true,"showImageEffects":true,"showParticleSystems":true},"in2DMode":false,"pivot":{"x":0.09963619709014893,"y":-2.879704475402832,"z":2.4138236045837404},"rotation":{"x":-0.4215521812438965,"y":0.023659193888306619,"z":-0.011003699153661728,"w":-0.9064287543296814},"size":15.040958404541016,"orthographic":false}