﻿{"cameraMode":{"drawMode":0,"name":"Shaded","section":"Shading Mode"},"sceneLighting":true,"audioPlay":false,"sceneViewState":{"showFog":true,"showMaterialUpdate":false,"showSkybox":true,"showFlares":true,"showImageEffects":true,"showParticleSystems":true},"in2DMode":false,"pivot":{"x":545.75146484375,"y":46.11812210083008,"z":-136.57431030273438},"rotation":{"x":-0.3776909112930298,"y":0.007495895028114319,"z":-0.003058244474232197,"w":-0.9258963465690613},"size":297.33819580078127,"orthographic":false}