﻿{"cameraMode":{"drawMode":0,"name":"Shaded","section":"Shading Mode"},"sceneLighting":true,"audioPlay":false,"sceneViewState":{"showFog":true,"showMaterialUpdate":true,"showSkybox":true,"showFlares":true,"showImageEffects":true,"showParticleSystems":true},"in2DMode":false,"pivot":{"x":-0.5316658020019531,"y":0.06165885925292969,"z":2.4123928546905519},"rotation":{"x":-0.23785679042339326,"y":0.6307618618011475,"z":-0.21204914152622224,"w":-0.7075300812721252},"size":18.16788673400879,"orthographic":false}