﻿{"cameraMode":{"drawMode":0,"name":"Shaded","section":"Shading Mode"},"sceneLighting":false,"audioPlay":false,"sceneViewState":{"showFog":true,"showMaterialUpdate":false,"showSkybox":false,"showFlares":true,"showImageEffects":true,"showParticleSystems":true},"in2DMode":false,"pivot":{"x":-3.8484301567077638,"y":-0.4876129627227783,"z":-0.9332742691040039},"rotation":{"x":-0.4215521812438965,"y":0.023659193888306619,"z":-0.011003699153661728,"w":-0.9064287543296814},"size":18.392135620117189,"orthographic":false}