﻿{"cameraMode":{"drawMode":0,"name":"Shaded","section":"Shading Mode"},"sceneLighting":false,"audioPlay":false,"sceneViewState":{"showFog":true,"showMaterialUpdate":false,"showSkybox":false,"showFlares":true,"showImageEffects":true,"showParticleSystems":true},"in2DMode":false,"pivot":{"x":0.3999999761581421,"y":0.38886356353759768,"z":-0.030000001192092897},"rotation":{"x":-0.4215521812438965,"y":0.023659193888306619,"z":-0.011003699153661728,"w":-0.9064287543296814},"size":1.4289418458938599,"orthographic":false}