﻿{"cameraMode":{"drawMode":0,"name":"Shaded","section":"Shading Mode"},"sceneLighting":true,"audioPlay":false,"sceneViewState":{"showFog":true,"showMaterialUpdate":false,"showSkybox":true,"showFlares":true,"showImageEffects":true,"showParticleSystems":true},"in2DMode":false,"pivot":{"x":594.3815307617188,"y":103.37966918945313,"z":-72.13314056396485},"rotation":{"x":-0.18631337583065034,"y":-0.06420832127332688,"z":0.012202597223222256,"w":-0.9803141355514526},"size":240.70285034179688,"orthographic":false}