﻿{"cameraMode":{"drawMode":0,"name":"Shaded","section":"Shading Mode"},"sceneLighting":false,"audioPlay":false,"sceneViewState":{"showFog":true,"showMaterialUpdate":false,"showSkybox":false,"showFlares":true,"showImageEffects":true,"showParticleSystems":true},"in2DMode":false,"pivot":{"x":-5.440000057220459,"y":-0.2807800769805908,"z":-1.689805507659912},"rotation":{"x":-0.4215521812438965,"y":0.023659193888306619,"z":-0.011003699153661728,"w":-0.9064287543296814},"size":5.472431182861328,"orthographic":false}